memory_percent,rss,vms,bytes_sent,bytes_recv,packets_sent,packets_recv,errin,errout,dropout,read_count,write_count,read_bytes,write_bytes,cpu_percent,num_fds,num_ctx_switchesVoluntary,num_ctx_switchesInvoluntary
3.5926045545121603,289775616,4687069184,7148309,24948899,48318,50368,0,0,0,66094,9340,25149440,20480,0.0,60,32,6
3.593264717054334,289828864,4687069184,7170975,24980029,48481,50531,0,0,0,66266,9408,25149440,20480,0.0,60,32,6
3.593264717054334,289828864,4687069184,7171886,24980614,48488,50538,0,0,0,66269,9410,25149440,20480,0.0,60,32,6
